{"options":{"%_edad_de_0_a_24":{"minPercent":14.18439716312057,"maxPercent":38.99926416482708},"%_edad_de_25_a_49":{"minPercent":25.77422577422577,"maxPercent":65.23898199875852},"%_edad_de_50_a_74":{"minPercent":7.635009310986959,"maxPercent":48.8511488511489},"%_edad_mas_de_75":{"minPercent":1.072194424588992,"maxPercent":21.560846560846556}}}